ID Aluno,Nome,Idade,Gênero,Plano,Data de Matrícula,Mês da Matrícula,Meio de Pagamento,Status de Cancelamento,Data de Cancelamento,Mês do Cancelamento,Estação do Cancelamento,Tempo de Permanência (meses),2023-01,2023-02,2023-03,2023-04,2023-05,2023-06,2023-07,2023-08,2023-09,2023-10,2023-11,2023-12
1,Aluno 1,43,Feminino,Trimestral,2023-01-08,1,Cartão,0,,,,11,0,1,1,1,1,1,1,1,1,1,1,1
2,Aluno 2,54,Feminino,Trimestral,2023-01-08,1,Cartão,0,,,,11,0,1,1,1,1,1,1,1,1,1,1,1
3,Aluno 3,41,Masculino,Anual,2023-01-08,1,Dinheiro,1,2023-02-25,2,Verão,1,0,1,0,0,0,0,0,0,0,0,0,0
4,Aluno 4,42,Feminino,Trimestral,2023-01-08,1,Pix,0,,,,11,0,1,1,1,1,1,1,1,1,1,1,1
5,Aluno 5,45,Feminino,Mensal,2023-01-08,1,Pix,0,,,,11,0,1,1,1,1,1,1,1,1,1,1,1
6,Aluno 6,41,Masculino,Mensal,2023-01-08,1,Pix,0,,,,11,0,1,1,1,1,1,1,1,1,1,1,1
7,Aluno 7,23,Feminino,Trimestral,2023-01-08,1,Dinheiro,0,,,,11,0,1,1,1,1,1,1,1,1,1,1,1
8,Aluno 8,45,Masculino,Trimestral,2023-01-08,1,Cartão,1,2023-10-21,10,Primavera,9,0,1,1,1,1,1,1,1,1,1,0,0
9,Aluno 9,51,Feminino,Anual,2023-01-08,1,Dinheiro,0,,,,11,0,1,1,1,1,1,1,1,1,1,1,1
10,Aluno 10,51,Feminino,Mensal,2023-01-08,1,Pix,1,2023-01-31,1,Verão,0,0,0,0,0,0,0,0,0,0,0,0,0
11,Aluno 11,56,Masculino,Trimestral,2023-01-08,1,Pix,0,,,,11,0,1,1,1,1,1,1,1,1,1,1,1
12,Aluno 12,58,Feminino,Anual,2023-01-08,1,Dinheiro,1,2023-02-20,2,Verão,1,0,1,0,0,0,0,0,0,0,0,0,0
13,Aluno 13,46,Feminino,Anual,2023-01-08,1,Dinheiro,1,2023-11-18,11,Primavera,10,0,1,1,1,1,1,1,1,1,1,1,0
14,Aluno 14,48,Masculino,Anual,2023-01-08,1,Cartão,0,,,,11,0,1,1,1,1,1,1,1,1,1,1,1
15,Aluno 15,23,Feminino,Trimestral,2023-01-08,1,Cartão,0,,,,11,0,1,1,1,1,1,1,1,1,1,1,1
16,Aluno 16,50,Feminino,Trimestral,2023-01-08,1,Pix,0,,,,11,0,1,1,1,1,1,1,1,1,1,1,1
17,Aluno 17,47,Feminino,Mensal,2023-01-08,1,Cartão,1,2023-12-11,12,Verão,11,0,1,1,1,1,1,1,1,1,1,1,1
18,Aluno 18,54,Feminino,Trimestral,2023-01-08,1,Pix,0,,,,11,0,1,1,1,1,1,1,1,1,1,1,1
19,Aluno 19,39,Feminino,Mensal,2023-01-08,1,Pix,0,,,,11,0,1,1,1,1,1,1,1,1,1,1,1
20,Aluno 20,34,Feminino,Anual,2023-01-08,1,Dinheiro,1,2023-11-25,11,Primavera,10,0,1,1,1,1,1,1,1,1,1,1,0
21,Aluno 21,39,Feminino,Trimestral,2023-01-08,1,Dinheiro,0,,,,11,0,1,1,1,1,1,1,1,1,1,1,1
22,Aluno 22,30,Masculino,Mensal,2023-01-08,1,Dinheiro,0,,,,11,0,1,1,1,1,1,1,1,1,1,1,1
23,Aluno 23,25,Masculino,Anual,2023-01-08,1,Pix,0,,,,11,0,1,1,1,1,1,1,1,1,1,1,1
24,Aluno 24,48,Masculino,Anual,2023-01-08,1,Pix,1,2023-03-28,3,Outono,2,0,1,1,0,0,0,0,0,0,0,0,0
25,Aluno 25,55,Masculino,Trimestral,2023-01-08,1,Dinheiro,0,,,,11,0,1,1,1,1,1,1,1,1,1,1,1
26,Aluno 26,39,Masculino,Anual,2023-01-08,1,Cartão,0,,,,11,0,1,1,1,1,1,1,1,1,1,1,1
27,Aluno 27,46,Masculino,Anual,2023-01-08,1,Pix,1,2023-03-24,3,Outono,2,0,1,1,0,0,0,0,0,0,0,0,0
28,Aluno 28,29,Feminino,Trimestral,2023-01-08,1,Cartão,1,2023-02-04,2,Verão,1,0,1,0,0,0,0,0,0,0,0,0,0
29,Aluno 29,51,Masculino,Anual,2023-01-08,1,Pix,0,,,,11,0,1,1,1,1,1,1,1,1,1,1,1
30,Aluno 30,24,Masculino,Mensal,2023-01-08,1,Cartão,0,,,,11,0,1,1,1,1,1,1,1,1,1,1,1
31,Aluno 31,43,Masculino,Trimestral,2023-01-08,1,Dinheiro,1,2023-04-14,4,Outono,3,0,1,1,1,0,0,0,0,0,0,0,0
32,Aluno 32,58,Masculino,Anual,2023-01-08,1,Dinheiro,1,2023-03-11,3,Outono,2,0,1,1,0,0,0,0,0,0,0,0,0
33,Aluno 33,55,Feminino,Mensal,2023-01-08,1,Pix,0,,,,11,0,1,1,1,1,1,1,1,1,1,1,1
34,Aluno 34,30,Masculino,Mensal,2023-01-08,1,Cartão,0,,,,11,0,1,1,1,1,1,1,1,1,1,1,1
35,Aluno 35,57,Masculino,Anual,2023-01-08,1,Dinheiro,0,,,,11,0,1,1,1,1,1,1,1,1,1,1,1
36,Aluno 36,49,Masculino,Trimestral,2023-01-08,1,Cartão,0,,,,11,0,1,1,1,1,1,1,1,1,1,1,1
37,Aluno 37,53,Feminino,Anual,2023-01-08,1,Cartão,0,,,,11,0,1,1,1,1,1,1,1,1,1,1,1
38,Aluno 38,35,Masculino,Mensal,2023-01-08,1,Pix,0,,,,11,0,1,1,1,1,1,1,1,1,1,1,1
39,Aluno 39,37,Feminino,Trimestral,2023-01-08,1,Pix,0,,,,11,0,1,1,1,1,1,1,1,1,1,1,1
40,Aluno 40,56,Feminino,Trimestral,2023-01-08,1,Pix,0,,,,11,0,1,1,1,1,1,1,1,1,1,1,1
41,Aluno 41,49,Masculino,Mensal,2023-01-08,1,Cartão,0,,,,11,0,1,1,1,1,1,1,1,1,1,1,1
42,Aluno 42,39,Feminino,Anual,2023-01-08,1,Pix,0,,,,11,0,1,1,1,1,1,1,1,1,1,1,1
43,Aluno 43,48,Masculino,Mensal,2023-01-08,1,Pix,1,2023-03-13,3,Outono,2,0,1,1,0,0,0,0,0,0,0,0,0
44,Aluno 44,19,Feminino,Anual,2023-01-08,1,Pix,0,,,,11,0,1,1,1,1,1,1,1,1,1,1,1
45,Aluno 45,56,Masculino,Mensal,2023-01-08,1,Pix,0,,,,11,0,1,1,1,1,1,1,1,1,1,1,1
46,Aluno 46,19,Feminino,Anual,2023-01-08,1,Pix,0,,,,11,0,1,1,1,1,1,1,1,1,1,1,1
47,Aluno 47,26,Masculino,Mensal,2023-01-08,1,Dinheiro,1,2023-12-29,12,Verão,11,0,1,1,1,1,1,1,1,1,1,1,1
48,Aluno 48,49,Masculino,Mensal,2023-01-08,1,Cartão,0,,,,11,0,1,1,1,1,1,1,1,1,1,1,1
49,Aluno 49,27,Feminino,Trimestral,2023-01-08,1,Pix,0,,,,11,0,1,1,1,1,1,1,1,1,1,1,1
50,Aluno 50,55,Feminino,Trimestral,2023-01-08,1,Cartão,0,,,,11,0,1,1,1,1,1,1,1,1,1,1,1
51,Aluno 51,18,Masculino,Anual,2023-01-08,1,Cartão,0,,,,11,0,1,1,1,1,1,1,1,1,1,1,1
52,Aluno 52,59,Masculino,Mensal,2023-01-08,1,Cartão,0,,,,11,0,1,1,1,1,1,1,1,1,1,1,1
53,Aluno 53,21,Feminino,Anual,2023-01-08,1,Cartão,0,,,,11,0,1,1,1,1,1,1,1,1,1,1,1
54,Aluno 54,26,Feminino,Mensal,2023-01-08,1,Cartão,1,2023-02-18,2,Verão,1,0,1,0,0,0,0,0,0,0,0,0,0
55,Aluno 55,56,Masculino,Mensal,2023-01-08,1,Dinheiro,1,2023-10-17,10,Primavera,9,0,1,1,1,1,1,1,1,1,1,0,0
56,Aluno 56,56,Masculino,Anual,2023-01-08,1,Pix,1,2023-07-13,7,Inverno,6,0,1,1,1,1,1,1,0,0,0,0,0
57,Aluno 57,25,Feminino,Anual,2023-01-08,1,Dinheiro,0,,,,11,0,1,1,1,1,1,1,1,1,1,1,1
58,Aluno 58,20,Feminino,Mensal,2023-01-08,1,Cartão,1,2023-11-29,11,Primavera,10,0,1,1,1,1,1,1,1,1,1,1,0
59,Aluno 59,29,Feminino,Mensal,2023-01-08,1,Dinheiro,1,2023-09-10,9,Primavera,8,0,1,1,1,1,1,1,1,1,0,0,0
60,Aluno 60,47,Masculino,Anual,2023-01-08,1,Cartão,0,,,,11,0,1,1,1,1,1,1,1,1,1,1,1
61,Aluno 61,31,Masculino,Trimestral,2023-01-08,1,Dinheiro,0,,,,11,0,1,1,1,1,1,1,1,1,1,1,1
62,Aluno 62,33,Masculino,Mensal,2023-01-08,1,Dinheiro,0,,,,11,0,1,1,1,1,1,1,1,1,1,1,1
63,Aluno 63,28,Feminino,Anual,2023-01-08,1,Pix,1,2023-04-04,4,Outono,3,0,1,1,1,0,0,0,0,0,0,0,0
64,Aluno 64,49,Masculino,Mensal,2023-01-08,1,Cartão,0,,,,11,0,1,1,1,1,1,1,1,1,1,1,1
65,Aluno 65,31,Masculino,Mensal,2023-01-08,1,Pix,0,,,,11,0,1,1,1,1,1,1,1,1,1,1,1
66,Aluno 66,40,Masculino,Anual,2023-01-08,1,Pix,0,,,,11,0,1,1,1,1,1,1,1,1,1,1,1
67,Aluno 67,18,Masculino,Mensal,2023-01-08,1,Pix,0,,,,11,0,1,1,1,1,1,1,1,1,1,1,1
68,Aluno 68,39,Masculino,Anual,2023-01-08,1,Dinheiro,0,,,,11,0,1,1,1,1,1,1,1,1,1,1,1
69,Aluno 69,33,Feminino,Anual,2023-01-08,1,Pix,0,,,,11,0,1,1,1,1,1,1,1,1,1,1,1
70,Aluno 70,33,Feminino,Trimestral,2023-01-08,1,Pix,0,,,,11,0,1,1,1,1,1,1,1,1,1,1,1
71,Aluno 71,44,Masculino,Mensal,2023-01-08,1,Pix,0,,,,11,0,1,1,1,1,1,1,1,1,1,1,1
72,Aluno 72,33,Masculino,Mensal,2023-01-08,1,Dinheiro,1,2023-03-31,3,Outono,2,0,1,1,0,0,0,0,0,0,0,0,0
73,Aluno 73,57,Masculino,Trimestral,2023-01-08,1,Dinheiro,0,,,,11,0,1,1,1,1,1,1,1,1,1,1,1
74,Aluno 74,34,Masculino,Trimestral,2023-01-08,1,Dinheiro,0,,,,11,0,1,1,1,1,1,1,1,1,1,1,1
75,Aluno 75,41,Masculino,Anual,2023-01-08,1,Dinheiro,1,2023-12-14,12,Verão,11,0,1,1,1,1,1,1,1,1,1,1,1
76,Aluno 76,22,Feminino,Mensal,2023-01-08,1,Dinheiro,0,,,,11,0,1,1,1,1,1,1,1,1,1,1,1
77,Aluno 77,57,Masculino,Anual,2023-01-08,1,Pix,0,,,,11,0,1,1,1,1,1,1,1,1,1,1,1
78,Aluno 78,53,Masculino,Anual,2023-01-08,1,Dinheiro,0,,,,11,0,1,1,1,1,1,1,1,1,1,1,1
79,Aluno 79,43,Feminino,Anual,2023-01-08,1,Pix,0,,,,11,0,1,1,1,1,1,1,1,1,1,1,1
80,Aluno 80,37,Feminino,Mensal,2023-01-08,1,Dinheiro,1,2023-07-04,7,Inverno,6,0,1,1,1,1,1,1,0,0,0,0,0
81,Aluno 81,49,Feminino,Mensal,2023-01-08,1,Pix,0,,,,11,0,1,1,1,1,1,1,1,1,1,1,1
82,Aluno 82,46,Masculino,Mensal,2023-01-08,1,Cartão,0,,,,11,0,1,1,1,1,1,1,1,1,1,1,1
83,Aluno 83,43,Masculino,Anual,2023-01-08,1,Dinheiro,0,,,,11,0,1,1,1,1,1,1,1,1,1,1,1
84,Aluno 84,21,Masculino,Mensal,2023-01-08,1,Pix,0,,,,11,0,1,1,1,1,1,1,1,1,1,1,1
85,Aluno 85,53,Feminino,Mensal,2023-01-08,1,Dinheiro,0,,,,11,0,1,1,1,1,1,1,1,1,1,1,1
86,Aluno 86,21,Masculino,Mensal,2023-01-08,1,Cartão,1,2023-06-25,6,Inverno,5,0,1,1,1,1,1,0,0,0,0,0,0
87,Aluno 87,56,Feminino,Anual,2023-01-08,1,Dinheiro,0,,,,11,0,1,1,1,1,1,1,1,1,1,1,1
88,Aluno 88,50,Masculino,Trimestral,2023-01-08,1,Dinheiro,0,,,,11,0,1,1,1,1,1,1,1,1,1,1,1
89,Aluno 89,19,Feminino,Anual,2023-01-08,1,Pix,0,,,,11,0,1,1,1,1,1,1,1,1,1,1,1
90,Aluno 90,35,Masculino,Trimestral,2023-01-08,1,Pix,0,,,,11,0,1,1,1,1,1,1,1,1,1,1,1
91,Aluno 91,33,Masculino,Anual,2023-01-08,1,Pix,1,2023-09-02,9,Primavera,8,0,1,1,1,1,1,1,1,1,0,0,0
92,Aluno 92,28,Feminino,Anual,2023-01-08,1,Pix,0,,,,11,0,1,1,1,1,1,1,1,1,1,1,1
93,Aluno 93,39,Masculino,Anual,2023-01-08,1,Cartão,0,,,,11,0,1,1,1,1,1,1,1,1,1,1,1
94,Aluno 94,46,Masculino,Trimestral,2023-01-08,1,Dinheiro,0,,,,11,0,1,1,1,1,1,1,1,1,1,1,1
95,Aluno 95,51,Feminino,Trimestral,2023-01-08,1,Pix,0,,,,11,0,1,1,1,1,1,1,1,1,1,1,1
96,Aluno 96,47,Masculino,Trimestral,2023-01-08,1,Cartão,0,,,,11,0,1,1,1,1,1,1,1,1,1,1,1
97,Aluno 97,33,Feminino,Trimestral,2023-01-08,1,Cartão,0,,,,11,0,1,1,1,1,1,1,1,1,1,1,1
98,Aluno 98,18,Feminino,Mensal,2023-01-08,1,Dinheiro,0,,,,11,0,1,1,1,1,1,1,1,1,1,1,1
99,Aluno 99,54,Masculino,Trimestral,2023-01-08,1,Cartão,0,,,,11,0,1,1,1,1,1,1,1,1,1,1,1
100,Aluno 100,38,Masculino,Mensal,2023-01-08,1,Dinheiro,0,,,,11,0,1,1,1,1,1,1,1,1,1,1,1
101,Aluno 101,31,Masculino,Anual,2023-01-08,1,Cartão,0,,,,11,0,1,1,1,1,1,1,1,1,1,1,1
102,Aluno 102,49,Feminino,Mensal,2023-01-08,1,Dinheiro,0,,,,11,0,1,1,1,1,1,1,1,1,1,1,1
103,Aluno 103,51,Feminino,Mensal,2023-01-08,1,Dinheiro,0,,,,11,0,1,1,1,1,1,1,1,1,1,1,1
104,Aluno 104,59,Masculino,Trimestral,2023-01-08,1,Dinheiro,0,,,,11,0,1,1,1,1,1,1,1,1,1,1,1
105,Aluno 105,52,Feminino,Trimestral,2023-01-08,1,Pix,1,2023-03-25,3,Outono,2,0,1,1,0,0,0,0,0,0,0,0,0
106,Aluno 106,49,Masculino,Mensal,2023-01-08,1,Cartão,0,,,,11,0,1,1,1,1,1,1,1,1,1,1,1
107,Aluno 107,32,Masculino,Mensal,2023-01-08,1,Dinheiro,1,2023-10-09,10,Primavera,9,0,1,1,1,1,1,1,1,1,1,0,0
108,Aluno 108,30,Masculino,Mensal,2023-01-08,1,Dinheiro,1,2023-01-13,1,Verão,0,0,0,0,0,0,0,0,0,0,0,0,0
109,Aluno 109,42,Feminino,Mensal,2023-01-08,1,Pix,1,2023-04-06,4,Outono,3,0,1,1,1,0,0,0,0,0,0,0,0
110,Aluno 110,22,Masculino,Anual,2023-01-08,1,Pix,0,,,,11,0,1,1,1,1,1,1,1,1,1,1,1
111,Aluno 111,20,Feminino,Mensal,2023-01-08,1,Pix,0,,,,11,0,1,1,1,1,1,1,1,1,1,1,1
112,Aluno 112,51,Feminino,Trimestral,2023-01-08,1,Dinheiro,0,,,,11,0,1,1,1,1,1,1,1,1,1,1,1
113,Aluno 113,38,Masculino,Anual,2023-01-08,1,Dinheiro,0,,,,11,0,1,1,1,1,1,1,1,1,1,1,1
114,Aluno 114,44,Feminino,Trimestral,2023-01-08,1,Dinheiro,1,2023-03-03,3,Outono,2,0,1,1,0,0,0,0,0,0,0,0,0
115,Aluno 115,19,Feminino,Anual,2023-01-08,1,Dinheiro,0,,,,11,0,1,1,1,1,1,1,1,1,1,1,1
116,Aluno 116,36,Feminino,Anual,2023-01-08,1,Pix,0,,,,11,0,1,1,1,1,1,1,1,1,1,1,1
117,Aluno 117,32,Feminino,Trimestral,2023-01-08,1,Pix,0,,,,11,0,1,1,1,1,1,1,1,1,1,1,1
118,Aluno 118,20,Masculino,Anual,2023-01-08,1,Cartão,0,,,,11,0,1,1,1,1,1,1,1,1,1,1,1
119,Aluno 119,20,Masculino,Mensal,2023-01-08,1,Dinheiro,0,,,,11,0,1,1,1,1,1,1,1,1,1,1,1
120,Aluno 120,55,Feminino,Anual,2023-01-08,1,Dinheiro,1,2023-07-27,7,Inverno,6,0,1,1,1,1,1,1,0,0,0,0,0
121,Aluno 121,29,Feminino,Mensal,2023-01-08,1,Cartão,1,2023-09-08,9,Primavera,8,0,1,1,1,1,1,1,1,1,0,0,0
122,Aluno 122,59,Masculino,Mensal,2023-01-08,1,Cartão,0,,,,11,0,1,1,1,1,1,1,1,1,1,1,1
123,Aluno 123,54,Masculino,Anual,2023-01-08,1,Dinheiro,0,,,,11,0,1,1,1,1,1,1,1,1,1,1,1
124,Aluno 124,43,Masculino,Mensal,2023-01-08,1,Cartão,0,,,,11,0,1,1,1,1,1,1,1,1,1,1,1
125,Aluno 125,47,Masculino,Anual,2023-01-08,1,Pix,0,,,,11,0,1,1,1,1,1,1,1,1,1,1,1
126,Aluno 126,44,Masculino,Mensal,2023-01-08,1,Cartão,0,,,,11,0,1,1,1,1,1,1,1,1,1,1,1
127,Aluno 127,51,Masculino,Anual,2023-01-08,1,Dinheiro,0,,,,11,0,1,1,1,1,1,1,1,1,1,1,1
128,Aluno 128,26,Feminino,Trimestral,2023-01-08,1,Dinheiro,0,,,,11,0,1,1,1,1,1,1,1,1,1,1,1
129,Aluno 129,53,Feminino,Anual,2023-01-08,1,Pix,0,,,,11,0,1,1,1,1,1,1,1,1,1,1,1
130,Aluno 130,22,Feminino,Trimestral,2023-01-08,1,Cartão,1,2023-06-04,6,Inverno,5,0,1,1,1,1,1,0,0,0,0,0,0
131,Aluno 131,52,Feminino,Mensal,2023-01-08,1,Pix,0,,,,11,0,1,1,1,1,1,1,1,1,1,1,1
132,Aluno 132,29,Masculino,Mensal,2023-01-08,1,Cartão,0,,,,11,0,1,1,1,1,1,1,1,1,1,1,1
133,Aluno 133,44,Feminino,Anual,2023-01-08,1,Pix,1,2023-07-20,7,Inverno,6,0,1,1,1,1,1,1,0,0,0,0,0
134,Aluno 134,38,Masculino,Mensal,2023-01-08,1,Cartão,1,2023-03-17,3,Outono,2,0,1,1,0,0,0,0,0,0,0,0,0
135,Aluno 135,60,Feminino,Anual,2023-01-08,1,Dinheiro,0,,,,11,0,1,1,1,1,1,1,1,1,1,1,1
136,Aluno 136,55,Masculino,Mensal,2023-01-08,1,Cartão,1,2023-11-20,11,Primavera,10,0,1,1,1,1,1,1,1,1,1,1,0
137,Aluno 137,33,Feminino,Mensal,2023-01-08,1,Dinheiro,1,2023-08-02,8,Inverno,7,0,1,1,1,1,1,1,1,0,0,0,0
138,Aluno 138,54,Feminino,Anual,2023-01-08,1,Dinheiro,0,,,,11,0,1,1,1,1,1,1,1,1,1,1,1
139,Aluno 139,19,Feminino,Trimestral,2023-01-08,1,Cartão,0,,,,11,0,1,1,1,1,1,1,1,1,1,1,1
140,Aluno 140,34,Masculino,Trimestral,2023-01-08,1,Pix,0,,,,11,0,1,1,1,1,1,1,1,1,1,1,1
141,Aluno 141,37,Feminino,Mensal,2023-01-08,1,Dinheiro,1,2023-07-24,7,Inverno,6,0,1,1,1,1,1,1,0,0,0,0,0
142,Aluno 142,45,Masculino,Anual,2023-01-08,1,Pix,1,2023-11-21,11,Primavera,10,0,1,1,1,1,1,1,1,1,1,1,0
143,Aluno 143,42,Masculino,Anual,2023-01-08,1,Pix,1,2023-11-14,11,Primavera,10,0,1,1,1,1,1,1,1,1,1,1,0
144,Aluno 144,39,Masculino,Mensal,2023-01-08,1,Dinheiro,0,,,,11,0,1,1,1,1,1,1,1,1,1,1,1
145,Aluno 145,24,Masculino,Mensal,2023-01-08,1,Dinheiro,0,,,,11,0,1,1,1,1,1,1,1,1,1,1,1
146,Aluno 146,35,Feminino,Trimestral,2023-01-08,1,Dinheiro,0,,,,11,0,1,1,1,1,1,1,1,1,1,1,1
147,Aluno 147,32,Feminino,Anual,2023-01-08,1,Dinheiro,0,,,,11,0,1,1,1,1,1,1,1,1,1,1,1
148,Aluno 148,45,Masculino,Anual,2023-01-08,1,Dinheiro,0,,,,11,0,1,1,1,1,1,1,1,1,1,1,1
149,Aluno 149,39,Masculino,Mensal,2023-01-08,1,Pix,1,2023-05-10,5,Outono,4,0,1,1,1,1,0,0,0,0,0,0,0
150,Aluno 150,58,Feminino,Trimestral,2023-01-08,1,Pix,0,,,,11,0,1,1,1,1,1,1,1,1,1,1,1
151,Aluno 151,57,Feminino,Mensal,2023-01-08,1,Cartão,0,,,,11,0,1,1,1,1,1,1,1,1,1,1,1
152,Aluno 152,59,Masculino,Trimestral,2023-01-08,1,Cartão,0,,,,11,0,1,1,1,1,1,1,1,1,1,1,1
153,Aluno 153,58,Feminino,Mensal,2023-01-08,1,Cartão,0,,,,11,0,1,1,1,1,1,1,1,1,1,1,1
154,Aluno 154,23,Masculino,Anual,2023-01-08,1,Pix,0,,,,11,0,1,1,1,1,1,1,1,1,1,1,1
155,Aluno 155,42,Masculino,Mensal,2023-01-08,1,Pix,0,,,,11,0,1,1,1,1,1,1,1,1,1,1,1
156,Aluno 156,39,Feminino,Anual,2023-01-08,1,Dinheiro,0,,,,11,0,1,1,1,1,1,1,1,1,1,1,1
157,Aluno 157,47,Masculino,Anual,2023-01-08,1,Cartão,0,,,,11,0,1,1,1,1,1,1,1,1,1,1,1
158,Aluno 158,32,Feminino,Trimestral,2023-01-08,1,Pix,0,,,,11,0,1,1,1,1,1,1,1,1,1,1,1
159,Aluno 159,59,Feminino,Mensal,2023-01-08,1,Pix,1,2023-09-13,9,Primavera,8,0,1,1,1,1,1,1,1,1,0,0,0
160,Aluno 160,52,Masculino,Mensal,2023-01-08,1,Dinheiro,0,,,,11,0,1,1,1,1,1,1,1,1,1,1,1
161,Aluno 161,26,Masculino,Anual,2023-01-08,1,Dinheiro,0,,,,11,0,1,1,1,1,1,1,1,1,1,1,1
162,Aluno 162,21,Masculino,Anual,2023-01-08,1,Pix,0,,,,11,0,1,1,1,1,1,1,1,1,1,1,1
163,Aluno 163,38,Feminino,Anual,2023-01-08,1,Dinheiro,0,,,,11,0,1,1,1,1,1,1,1,1,1,1,1
164,Aluno 164,55,Masculino,Mensal,2023-01-08,1,Pix,0,,,,11,0,1,1,1,1,1,1,1,1,1,1,1
165,Aluno 165,36,Masculino,Mensal,2023-01-08,1,Pix,1,2023-05-31,5,Outono,4,0,1,1,1,1,0,0,0,0,0,0,0
166,Aluno 166,37,Feminino,Trimestral,2023-01-08,1,Cartão,0,,,,11,0,1,1,1,1,1,1,1,1,1,1,1
167,Aluno 167,38,Masculino,Mensal,2023-01-08,1,Cartão,1,2023-12-06,12,Verão,11,0,1,1,1,1,1,1,1,1,1,1,1
168,Aluno 168,31,Masculino,Mensal,2023-01-08,1,Dinheiro,1,2023-01-11,1,Verão,0,0,0,0,0,0,0,0,0,0,0,0,0
169,Aluno 169,32,Masculino,Anual,2023-01-08,1,Pix,0,,,,11,0,1,1,1,1,1,1,1,1,1,1,1
170,Aluno 170,59,Feminino,Mensal,2023-01-08,1,Dinheiro,1,2023-09-21,9,Primavera,8,0,1,1,1,1,1,1,1,1,0,0,0
171,Aluno 171,25,Feminino,Anual,2023-01-08,1,Pix,1,2023-05-14,5,Outono,4,0,1,1,1,1,0,0,0,0,0,0,0
172,Aluno 172,35,Feminino,Mensal,2023-01-08,1,Cartão,1,2023-12-23,12,Verão,11,0,1,1,1,1,1,1,1,1,1,1,1
173,Aluno 173,20,Feminino,Anual,2023-01-08,1,Cartão,0,,,,11,0,1,1,1,1,1,1,1,1,1,1,1
174,Aluno 174,44,Masculino,Anual,2023-01-08,1,Cartão,0,,,,11,0,1,1,1,1,1,1,1,1,1,1,1
175,Aluno 175,42,Feminino,Anual,2023-01-08,1,Cartão,1,2023-05-02,5,Outono,4,0,1,1,1,1,0,0,0,0,0,0,0
176,Aluno 176,28,Feminino,Anual,2023-01-08,1,Cartão,0,,,,11,0,1,1,1,1,1,1,1,1,1,1,1
177,Aluno 177,55,Feminino,Anual,2023-01-08,1,Pix,0,,,,11,0,1,1,1,1,1,1,1,1,1,1,1
178,Aluno 178,32,Masculino,Mensal,2023-01-08,1,Cartão,0,,,,11,0,1,1,1,1,1,1,1,1,1,1,1
179,Aluno 179,24,Feminino,Anual,2023-01-08,1,Pix,0,,,,11,0,1,1,1,1,1,1,1,1,1,1,1
180,Aluno 180,38,Masculino,Trimestral,2023-01-08,1,Pix,1,2023-04-30,4,Outono,3,0,1,1,1,0,0,0,0,0,0,0,0
181,Aluno 181,19,Masculino,Mensal,2023-01-08,1,Cartão,0,,,,11,0,1,1,1,1,1,1,1,1,1,1,1
182,Aluno 182,42,Feminino,Anual,2023-01-08,1,Dinheiro,0,,,,11,0,1,1,1,1,1,1,1,1,1,1,1
183,Aluno 183,59,Feminino,Anual,2023-01-08,1,Pix,1,2023-04-28,4,Outono,3,0,1,1,1,0,0,0,0,0,0,0,0
184,Aluno 184,38,Masculino,Mensal,2023-01-08,1,Pix,1,2023-04-01,4,Outono,3,0,1,1,1,0,0,0,0,0,0,0,0
185,Aluno 185,52,Feminino,Trimestral,2023-01-08,1,Cartão,0,,,,11,0,1,1,1,1,1,1,1,1,1,1,1
186,Aluno 186,57,Masculino,Mensal,2023-01-08,1,Pix,0,,,,11,0,1,1,1,1,1,1,1,1,1,1,1
187,Aluno 187,38,Masculino,Mensal,2023-01-08,1,Dinheiro,0,,,,11,0,1,1,1,1,1,1,1,1,1,1,1
188,Aluno 188,41,Masculino,Trimestral,2023-01-08,1,Pix,1,2023-10-23,10,Primavera,9,0,1,1,1,1,1,1,1,1,1,0,0
189,Aluno 189,29,Masculino,Trimestral,2023-01-08,1,Dinheiro,0,,,,11,0,1,1,1,1,1,1,1,1,1,1,1
190,Aluno 190,39,Masculino,Mensal,2023-01-08,1,Cartão,0,,,,11,0,1,1,1,1,1,1,1,1,1,1,1
191,Aluno 191,23,Feminino,Mensal,2023-01-08,1,Dinheiro,0,,,,11,0,1,1,1,1,1,1,1,1,1,1,1
192,Aluno 192,41,Masculino,Trimestral,2023-01-08,1,Cartão,0,,,,11,0,1,1,1,1,1,1,1,1,1,1,1
193,Aluno 193,34,Feminino,Trimestral,2023-01-08,1,Dinheiro,0,,,,11,0,1,1,1,1,1,1,1,1,1,1,1
194,Aluno 194,49,Feminino,Mensal,2023-01-08,1,Dinheiro,0,,,,11,0,1,1,1,1,1,1,1,1,1,1,1
195,Aluno 195,31,Feminino,Mensal,2023-01-08,1,Pix,0,,,,11,0,1,1,1,1,1,1,1,1,1,1,1
196,Aluno 196,50,Masculino,Mensal,2023-01-08,1,Pix,0,,,,11,0,1,1,1,1,1,1,1,1,1,1,1
197,Aluno 197,24,Masculino,Trimestral,2023-01-08,1,Pix,1,2023-05-17,5,Outono,4,0,1,1,1,1,0,0,0,0,0,0,0
198,Aluno 198,60,Feminino,Mensal,2023-01-08,1,Cartão,0,,,,11,0,1,1,1,1,1,1,1,1,1,1,1
199,Aluno 199,29,Feminino,Trimestral,2023-01-08,1,Cartão,1,2023-03-12,3,Outono,2,0,1,1,0,0,0,0,0,0,0,0,0
200,Aluno 200,19,Masculino,Mensal,2023-01-08,1,Cartão,0,,,,11,0,1,1,1,1,1,1,1,1,1,1,1
201,Aluno 201,18,Feminino,Anual,2023-01-04,1,Pix,0,,,,11,0,1,1,1,1,1,1,1,1,1,1,1
202,Aluno 202,27,Masculino,Mensal,2023-01-10,1,Cartão,1,2023-02-11,2,Verão,1,0,1,0,0,0,0,0,0,0,0,0,0
203,Aluno 203,28,Masculino,Anual,2023-01-06,1,Cartão,0,,,,11,0,1,1,1,1,1,1,1,1,1,1,1
204,Aluno 204,42,Feminino,Mensal,2023-01-14,1,Cartão,0,,,,11,0,1,1,1,1,1,1,1,1,1,1,1
205,Aluno 205,29,Feminino,Mensal,2023-01-07,1,Cartão,0,,,,11,0,1,1,1,1,1,1,1,1,1,1,1
206,Aluno 206,52,Feminino,Anual,2023-01-03,1,Pix,0,,,,11,0,1,1,1,1,1,1,1,1,1,1,1
207,Aluno 207,59,Feminino,Anual,2023-01-01,1,Cartão,0,,,,11,1,1,1,1,1,1,1,1,1,1,1,1
208,Aluno 208,59,Feminino,Anual,2023-01-16,1,Pix,0,,,,11,0,1,1,1,1,1,1,1,1,1,1,1
209,Aluno 209,18,Masculino,Mensal,2023-01-12,1,Pix,0,,,,11,0,1,1,1,1,1,1,1,1,1,1,1
210,Aluno 210,52,Masculino,Anual,2023-01-24,1,Dinheiro,0,,,,11,0,1,1,1,1,1,1,1,1,1,1,1
211,Aluno 211,40,Feminino,Mensal,2023-01-10,1,Dinheiro,1,2023-01-28,1,Verão,0,0,0,0,0,0,0,0,0,0,0,0,0
212,Aluno 212,36,Feminino,Trimestral,2023-01-24,1,Cartão,1,2023-05-19,5,Outono,4,0,1,1,1,1,0,0,0,0,0,0,0
213,Aluno 213,56,Masculino,Mensal,2023-01-20,1,Dinheiro,0,,,,11,0,1,1,1,1,1,1,1,1,1,1,1
214,Aluno 214,51,Feminino,Anual,2023-01-20,1,Pix,0,,,,11,0,1,1,1,1,1,1,1,1,1,1,1
215,Aluno 215,55,Masculino,Anual,2023-01-24,1,Cartão,0,,,,11,0,1,1,1,1,1,1,1,1,1,1,1
216,Aluno 216,57,Masculino,Mensal,2023-01-14,1,Cartão,1,2023-05-13,5,Outono,4,0,1,1,1,1,0,0,0,0,0,0,0
217,Aluno 217,19,Masculino,Anual,2023-01-18,1,Dinheiro,0,,,,11,0,1,1,1,1,1,1,1,1,1,1,1
218,Aluno 218,60,Feminino,Anual,2023-01-05,1,Cartão,0,,,,11,0,1,1,1,1,1,1,1,1,1,1,1
219,Aluno 219,35,Masculino,Mensal,2023-01-19,1,Pix,1,2023-05-22,5,Outono,4,0,1,1,1,1,0,0,0,0,0,0,0
220,Aluno 220,53,Feminino,Mensal,2023-01-08,1,Pix,1,2023-02-18,2,Verão,1,0,1,0,0,0,0,0,0,0,0,0,0
221,Aluno 221,32,Masculino,Anual,2023-01-03,1,Dinheiro,0,,,,11,0,1,1,1,1,1,1,1,1,1,1,1
222,Aluno 222,18,Feminino,Anual,2023-01-20,1,Cartão,1,2023-09-04,9,Primavera,8,0,1,1,1,1,1,1,1,1,0,0,0
223,Aluno 223,31,Feminino,Anual,2023-01-14,1,Dinheiro,0,,,,11,0,1,1,1,1,1,1,1,1,1,1,1
224,Aluno 224,30,Feminino,Mensal,2023-01-18,1,Dinheiro,1,2023-03-31,3,Outono,2,0,1,1,0,0,0,0,0,0,0,0,0
225,Aluno 225,46,Masculino,Mensal,2023-01-18,1,Pix,1,2023-06-03,6,Inverno,5,0,1,1,1,1,1,0,0,0,0,0,0
226,Aluno 226,41,Feminino,Mensal,2023-01-12,1,Pix,1,2023-03-22,3,Outono,2,0,1,1,0,0,0,0,0,0,0,0,0
227,Aluno 227,39,Masculino,Trimestral,2023-01-12,1,Dinheiro,1,2023-08-21,8,Inverno,7,0,1,1,1,1,1,1,1,0,0,0,0
228,Aluno 228,34,Feminino,Anual,2023-01-26,1,Pix,1,2023-11-15,11,Primavera,10,0,1,1,1,1,1,1,1,1,1,1,0
229,Aluno 229,51,Masculino,Mensal,2023-01-11,1,Pix,0,,,,11,0,1,1,1,1,1,1,1,1,1,1,1
230,Aluno 230,58,Feminino,Mensal,2023-01-12,1,Dinheiro,0,,,,11,0,1,1,1,1,1,1,1,1,1,1,1
231,Aluno 231,18,Masculino,Mensal,2023-01-17,1,Dinheiro,0,,,,11,0,1,1,1,1,1,1,1,1,1,1,1
232,Aluno 232,43,Feminino,Mensal,2023-01-19,1,Pix,0,,,,11,0,1,1,1,1,1,1,1,1,1,1,1
233,Aluno 233,32,Feminino,Anual,2023-01-03,1,Pix,1,2023-10-03,10,Primavera,9,0,1,1,1,1,1,1,1,1,1,0,0
234,Aluno 234,32,Masculino,Trimestral,2023-01-21,1,Pix,0,,,,11,0,1,1,1,1,1,1,1,1,1,1,1
235,Aluno 235,37,Feminino,Anual,2023-01-06,1,Cartão,1,2023-03-06,3,Outono,2,0,1,1,0,0,0,0,0,0,0,0,0
236,Aluno 236,38,Masculino,Trimestral,2023-01-17,1,Dinheiro,0,,,,11,0,1,1,1,1,1,1,1,1,1,1,1
237,Aluno 237,24,Masculino,Anual,2023-01-10,1,Cartão,0,,,,11,0,1,1,1,1,1,1,1,1,1,1,1
238,Aluno 238,28,Feminino,Trimestral,2023-01-21,1,Pix,0,,,,11,0,1,1,1,1,1,1,1,1,1,1,1
239,Aluno 239,30,Feminino,Mensal,2023-01-01,1,Pix,0,,,,11,1,1,1,1,1,1,1,1,1,1,1,1
240,Aluno 240,52,Masculino,Mensal,2023-01-15,1,Dinheiro,0,,,,11,0,1,1,1,1,1,1,1,1,1,1,1
241,Aluno 241,25,Masculino,Trimestral,2023-02-01,2,Dinheiro,0,,,,10,0,1,1,1,1,1,1,1,1,1,1,1
242,Aluno 242,38,Feminino,Anual,2023-02-05,2,Pix,0,,,,10,0,0,1,1,1,1,1,1,1,1,1,1
243,Aluno 243,50,Feminino,Mensal,2023-02-23,2,Pix,1,2023-05-07,5,Outono,3,0,0,1,1,1,0,0,0,0,0,0,0
244,Aluno 244,42,Masculino,Trimestral,2023-02-04,2,Cartão,1,2023-07-28,7,Inverno,5,0,0,1,1,1,1,1,0,0,0,0,0
245,Aluno 245,32,Masculino,Trimestral,2023-02-23,2,Dinheiro,1,2023-11-06,11,Primavera,9,0,0,1,1,1,1,1,1,1,1,1,0
246,Aluno 246,30,Masculino,Anual,2023-02-14,2,Dinheiro,0,,,,10,0,0,1,1,1,1,1,1,1,1,1,1
247,Aluno 247,49,Feminino,Anual,2023-02-18,2,Cartão,1,2023-03-27,3,Outono,1,0,0,1,0,0,0,0,0,0,0,0,0
248,Aluno 248,28,Masculino,Trimestral,2023-02-04,2,Dinheiro,0,,,,10,0,0,1,1,1,1,1,1,1,1,1,1
249,Aluno 249,21,Masculino,Mensal,2023-02-04,2,Cartão,0,,,,10,0,0,1,1,1,1,1,1,1,1,1,1
250,Aluno 250,46,Masculino,Trimestral,2023-02-06,2,Pix,0,,,,10,0,0,1,1,1,1,1,1,1,1,1,1
251,Aluno 251,52,Masculino,Anual,2023-02-08,2,Pix,0,,,,10,0,0,1,1,1,1,1,1,1,1,1,1
252,Aluno 252,18,Feminino,Anual,2023-02-15,2,Cartão,0,,,,10,0,0,1,1,1,1,1,1,1,1,1,1
253,Aluno 253,58,Feminino,Anual,2023-02-04,2,Cartão,0,,,,10,0,0,1,1,1,1,1,1,1,1,1,1
254,Aluno 254,51,Masculino,Anual,2023-02-11,2,Dinheiro,0,,,,10,0,0,1,1,1,1,1,1,1,1,1,1
255,Aluno 255,31,Masculino,Trimestral,2023-02-19,2,Pix,1,2023-09-26,9,Primavera,7,0,0,1,1,1,1,1,1,1,0,0,0
256,Aluno 256,48,Feminino,Anual,2023-02-22,2,Dinheiro,0,,,,10,0,0,1,1,1,1,1,1,1,1,1,1
257,Aluno 257,23,Masculino,Trimestral,2023-02-01,2,Dinheiro,1,2023-06-20,6,Inverno,4,0,1,1,1,1,1,0,0,0,0,0,0
258,Aluno 258,39,Masculino,Anual,2023-02-02,2,Cartão,1,2023-03-25,3,Outono,1,0,0,1,0,0,0,0,0,0,0,0,0
259,Aluno 259,45,Feminino,Anual,2023-02-16,2,Cartão,0,,,,10,0,0,1,1,1,1,1,1,1,1,1,1
260,Aluno 260,24,Masculino,Mensal,2023-02-02,2,Pix,1,2023-07-13,7,Inverno,5,0,0,1,1,1,1,1,0,0,0,0,0
261,Aluno 261,32,Feminino,Trimestral,2023-02-16,2,Dinheiro,0,,,,10,0,0,1,1,1,1,1,1,1,1,1,1
262,Aluno 262,32,Masculino,Trimestral,2023-02-04,2,Cartão,0,,,,10,0,0,1,1,1,1,1,1,1,1,1,1
263,Aluno 263,38,Feminino,Trimestral,2023-02-13,2,Dinheiro,0,,,,10,0,0,1,1,1,1,1,1,1,1,1,1
264,Aluno 264,20,Masculino,Mensal,2023-02-12,2,Pix,0,,,,10,0,0,1,1,1,1,1,1,1,1,1,1
265,Aluno 265,45,Feminino,Trimestral,2023-02-03,2,Pix,0,,,,10,0,0,1,1,1,1,1,1,1,1,1,1
266,Aluno 266,40,Masculino,Trimestral,2023-02-23,2,Cartão,1,2023-07-13,7,Inverno,5,0,0,1,1,1,1,1,0,0,0,0,0
267,Aluno 267,20,Feminino,Mensal,2023-02-11,2,Dinheiro,0,,,,10,0,0,1,1,1,1,1,1,1,1,1,1
268,Aluno 268,52,Masculino,Mensal,2023-02-21,2,Dinheiro,0,,,,10,0,0,1,1,1,1,1,1,1,1,1,1
269,Aluno 269,59,Masculino,Anual,2023-02-25,2,Dinheiro,1,2023-07-14,7,Inverno,5,0,0,1,1,1,1,1,0,0,0,0,0
270,Aluno 270,27,Feminino,Trimestral,2023-02-26,2,Pix,1,2023-06-28,6,Inverno,4,0,0,1,1,1,1,0,0,0,0,0,0
271,Aluno 271,47,Masculino,Anual,2023-02-02,2,Cartão,0,,,,10,0,0,1,1,1,1,1,1,1,1,1,1
272,Aluno 272,49,Feminino,Trimestral,2023-02-11,2,Cartão,0,,,,10,0,0,1,1,1,1,1,1,1,1,1,1
273,Aluno 273,36,Masculino,Trimestral,2023-02-01,2,Dinheiro,0,,,,10,0,1,1,1,1,1,1,1,1,1,1,1
274,Aluno 274,54,Feminino,Mensal,2023-02-02,2,Dinheiro,0,,,,10,0,0,1,1,1,1,1,1,1,1,1,1
275,Aluno 275,21,Feminino,Anual,2023-02-15,2,Pix,0,,,,10,0,0,1,1,1,1,1,1,1,1,1,1
276,Aluno 276,26,Masculino,Mensal,2023-03-26,3,Cartão,0,,,,9,0,0,0,1,1,1,1,1,1,1,1,1
277,Aluno 277,50,Feminino,Mensal,2023-03-02,3,Pix,0,,,,9,0,0,0,1,1,1,1,1,1,1,1,1
278,Aluno 278,28,Feminino,Trimestral,2023-03-27,3,Dinheiro,1,2023-10-03,10,Primavera,7,0,0,0,1,1,1,1,1,1,1,0,0
279,Aluno 279,18,Masculino,Mensal,2023-03-18,3,Dinheiro,1,2023-05-05,5,Outono,2,0,0,0,1,1,0,0,0,0,0,0,0
280,Aluno 280,34,Feminino,Trimestral,2023-03-20,3,Pix,1,2023-10-11,10,Primavera,7,0,0,0,1,1,1,1,1,1,1,0,0
281,Aluno 281,19,Feminino,Mensal,2023-03-14,3,Dinheiro,0,,,,9,0,0,0,1,1,1,1,1,1,1,1,1
282,Aluno 282,19,Feminino,Anual,2023-03-23,3,Cartão,0,,,,9,0,0,0,1,1,1,1,1,1,1,1,1
283,Aluno 283,58,Masculino,Mensal,2023-03-07,3,Cartão,1,2023-06-17,6,Inverno,3,0,0,0,1,1,1,0,0,0,0,0,0
284,Aluno 284,38,Masculino,Anual,2023-03-05,3,Dinheiro,0,,,,9,0,0,0,1,1,1,1,1,1,1,1,1
285,Aluno 285,51,Masculino,Anual,2023-03-14,3,Pix,1,2023-03-22,3,Outono,0,0,0,0,0,0,0,0,0,0,0,0,0
286,Aluno 286,47,Masculino,Anual,2023-03-05,3,Cartão,0,,,,9,0,0,0,1,1,1,1,1,1,1,1,1
287,Aluno 287,58,Feminino,Anual,2023-03-09,3,Dinheiro,0,,,,9,0,0,0,1,1,1,1,1,1,1,1,1
288,Aluno 288,29,Masculino,Anual,2023-03-27,3,Dinheiro,1,2023-09-19,9,Primavera,6,0,0,0,1,1,1,1,1,1,0,0,0
289,Aluno 289,19,Feminino,Anual,2023-03-01,3,Pix,0,,,,9,0,0,1,1,1,1,1,1,1,1,1,1
290,Aluno 290,52,Masculino,Anual,2023-03-11,3,Pix,0,,,,9,0,0,0,1,1,1,1,1,1,1,1,1
291,Aluno 291,31,Masculino,Trimestral,2023-03-11,3,Cartão,0,,,,9,0,0,0,1,1,1,1,1,1,1,1,1
292,Aluno 292,37,Feminino,Anual,2023-03-15,3,Pix,0,,,,9,0,0,0,1,1,1,1,1,1,1,1,1
293,Aluno 293,53,Feminino,Mensal,2023-03-21,3,Dinheiro,0,,,,9,0,0,0,1,1,1,1,1,1,1,1,1
294,Aluno 294,41,Feminino,Mensal,2023-03-16,3,Dinheiro,1,2023-05-30,5,Outono,2,0,0,0,1,1,0,0,0,0,0,0,0
295,Aluno 295,60,Feminino,Mensal,2023-03-10,3,Pix,0,,,,9,0,0,0,1,1,1,1,1,1,1,1,1
296,Aluno 296,48,Masculino,Anual,2023-03-25,3,Pix,0,,,,9,0,0,0,1,1,1,1,1,1,1,1,1
297,Aluno 297,46,Masculino,Anual,2023-03-19,3,Dinheiro,0,,,,9,0,0,0,1,1,1,1,1,1,1,1,1
298,Aluno 298,21,Feminino,Trimestral,2023-03-20,3,Dinheiro,0,,,,9,0,0,0,1,1,1,1,1,1,1,1,1
299,Aluno 299,54,Masculino,Mensal,2023-03-07,3,Pix,0,,,,9,0,0,0,1,1,1,1,1,1,1,1,1
300,Aluno 300,45,Masculino,Trimestral,2023-03-14,3,Pix,0,,,,9,0,0,0,1,1,1,1,1,1,1,1,1
301,Aluno 301,60,Feminino,Anual,2023-04-04,4,Cartão,0,,,,8,0,0,0,0,1,1,1,1,1,1,1,1
302,Aluno 302,42,Feminino,Mensal,2023-04-07,4,Pix,0,,,,8,0,0,0,0,1,1,1,1,1,1,1,1
303,Aluno 303,44,Masculino,Trimestral,2023-04-11,4,Cartão,0,,,,8,0,0,0,0,1,1,1,1,1,1,1,1
304,Aluno 304,37,Feminino,Trimestral,2023-04-22,4,Cartão,0,,,,8,0,0,0,0,1,1,1,1,1,1,1,1
305,Aluno 305,46,Masculino,Trimestral,2023-04-03,4,Dinheiro,0,,,,8,0,0,0,0,1,1,1,1,1,1,1,1
306,Aluno 306,52,Feminino,Mensal,2023-04-20,4,Dinheiro,0,,,,8,0,0,0,0,1,1,1,1,1,1,1,1
307,Aluno 307,40,Feminino,Mensal,2023-04-09,4,Cartão,0,,,,8,0,0,0,0,1,1,1,1,1,1,1,1
308,Aluno 308,46,Feminino,Anual,2023-04-19,4,Pix,0,,,,8,0,0,0,0,1,1,1,1,1,1,1,1
309,Aluno 309,39,Feminino,Trimestral,2023-04-25,4,Dinheiro,1,2023-06-11,6,Inverno,2,0,0,0,0,1,1,0,0,0,0,0,0
310,Aluno 310,32,Masculino,Trimestral,2023-04-08,4,Cartão,1,2023-09-04,9,Primavera,5,0,0,0,0,1,1,1,1,1,0,0,0
311,Aluno 311,39,Feminino,Anual,2023-04-07,4,Dinheiro,0,,,,8,0,0,0,0,1,1,1,1,1,1,1,1
312,Aluno 312,20,Masculino,Mensal,2023-04-25,4,Cartão,1,2023-07-13,7,Inverno,3,0,0,0,0,1,1,1,0,0,0,0,0
313,Aluno 313,23,Masculino,Mensal,2023-04-22,4,Dinheiro,1,2023-10-04,10,Primavera,6,0,0,0,0,1,1,1,1,1,1,0,0
314,Aluno 314,55,Masculino,Trimestral,2023-04-24,4,Dinheiro,0,,,,8,0,0,0,0,1,1,1,1,1,1,1,1
315,Aluno 315,31,Feminino,Trimestral,2023-04-22,4,Pix,0,,,,8,0,0,0,0,1,1,1,1,1,1,1,1
316,Aluno 316,42,Feminino,Anual,2023-04-20,4,Pix,1,2023-11-24,11,Primavera,7,0,0,0,0,1,1,1,1,1,1,1,0
317,Aluno 317,45,Masculino,Mensal,2023-04-24,4,Pix,0,,,,8,0,0,0,0,1,1,1,1,1,1,1,1
318,Aluno 318,36,Masculino,Mensal,2023-04-17,4,Pix,0,,,,8,0,0,0,0,1,1,1,1,1,1,1,1
319,Aluno 319,20,Masculino,Mensal,2023-04-10,4,Dinheiro,1,2023-11-08,11,Primavera,7,0,0,0,0,1,1,1,1,1,1,1,0
320,Aluno 320,54,Feminino,Anual,2023-04-23,4,Dinheiro,0,,,,8,0,0,0,0,1,1,1,1,1,1,1,1
321,Aluno 321,38,Feminino,Trimestral,2023-05-06,5,Pix,0,,,,7,0,0,0,0,0,1,1,1,1,1,1,1
322,Aluno 322,46,Feminino,Trimestral,2023-05-27,5,Cartão,0,,,,7,0,0,0,0,0,1,1,1,1,1,1,1
323,Aluno 323,54,Feminino,Anual,2023-05-04,5,Pix,1,2023-12-16,12,Verão,7,0,0,0,0,0,1,1,1,1,1,1,1
324,Aluno 324,44,Masculino,Anual,2023-05-08,5,Dinheiro,1,2023-07-08,7,Inverno,2,0,0,0,0,0,1,1,0,0,0,0,0
325,Aluno 325,22,Feminino,Anual,2023-05-24,5,Cartão,0,,,,7,0,0,0,0,0,1,1,1,1,1,1,1
326,Aluno 326,56,Feminino,Anual,2023-05-09,5,Pix,0,,,,7,0,0,0,0,0,1,1,1,1,1,1,1
327,Aluno 327,60,Masculino,Trimestral,2023-05-01,5,Dinheiro,1,2023-10-13,10,Primavera,5,0,0,0,0,1,1,1,1,1,1,0,0
328,Aluno 328,25,Feminino,Mensal,2023-05-02,5,Pix,0,,,,7,0,0,0,0,0,1,1,1,1,1,1,1
329,Aluno 329,33,Feminino,Mensal,2023-05-15,5,Pix,0,,,,7,0,0,0,0,0,1,1,1,1,1,1,1
330,Aluno 330,18,Feminino,Anual,2023-05-12,5,Pix,0,,,,7,0,0,0,0,0,1,1,1,1,1,1,1
331,Aluno 331,57,Masculino,Anual,2023-05-26,5,Pix,0,,,,7,0,0,0,0,0,1,1,1,1,1,1,1
332,Aluno 332,22,Masculino,Mensal,2023-05-04,5,Pix,0,,,,7,0,0,0,0,0,1,1,1,1,1,1,1
333,Aluno 333,34,Masculino,Trimestral,2023-05-02,5,Cartão,0,,,,7,0,0,0,0,0,1,1,1,1,1,1,1
334,Aluno 334,55,Masculino,Anual,2023-05-08,5,Pix,0,,,,7,0,0,0,0,0,1,1,1,1,1,1,1
335,Aluno 335,40,Feminino,Trimestral,2023-05-05,5,Dinheiro,1,2023-12-03,12,Verão,7,0,0,0,0,0,1,1,1,1,1,1,1
336,Aluno 336,29,Masculino,Mensal,2023-05-03,5,Cartão,1,2023-11-25,11,Primavera,6,0,0,0,0,0,1,1,1,1,1,1,0
337,Aluno 337,57,Feminino,Anual,2023-05-03,5,Pix,0,,,,7,0,0,0,0,0,1,1,1,1,1,1,1
338,Aluno 338,35,Feminino,Trimestral,2023-05-01,5,Dinheiro,0,,,,7,0,0,0,0,1,1,1,1,1,1,1,1
339,Aluno 339,20,Feminino,Mensal,2023-05-20,5,Dinheiro,0,,,,7,0,0,0,0,0,1,1,1,1,1,1,1
340,Aluno 340,54,Masculino,Trimestral,2023-05-11,5,Dinheiro,0,,,,7,0,0,0,0,0,1,1,1,1,1,1,1
341,Aluno 341,23,Masculino,Mensal,2023-06-01,6,Cartão,1,2023-12-08,12,Verão,6,0,0,0,0,0,1,1,1,1,1,1,1
342,Aluno 342,46,Feminino,Anual,2023-06-23,6,Pix,0,,,,6,0,0,0,0,0,0,1,1,1,1,1,1
343,Aluno 343,42,Feminino,Trimestral,2023-06-17,6,Cartão,0,,,,6,0,0,0,0,0,0,1,1,1,1,1,1
344,Aluno 344,39,Feminino,Mensal,2023-06-15,6,Dinheiro,1,2023-12-01,12,Verão,6,0,0,0,0,0,0,1,1,1,1,1,1
345,Aluno 345,29,Feminino,Mensal,2023-06-19,6,Cartão,0,,,,6,0,0,0,0,0,0,1,1,1,1,1,1
346,Aluno 346,23,Feminino,Anual,2023-06-21,6,Dinheiro,1,2023-09-08,9,Primavera,3,0,0,0,0,0,0,1,1,1,0,0,0
347,Aluno 347,44,Feminino,Trimestral,2023-06-14,6,Pix,0,,,,6,0,0,0,0,0,0,1,1,1,1,1,1
348,Aluno 348,20,Masculino,Mensal,2023-06-09,6,Pix,1,2023-08-25,8,Inverno,2,0,0,0,0,0,0,1,1,0,0,0,0
349,Aluno 349,57,Masculino,Anual,2023-06-12,6,Pix,1,2023-12-10,12,Verão,6,0,0,0,0,0,0,1,1,1,1,1,1
350,Aluno 350,45,Masculino,Anual,2023-06-14,6,Dinheiro,1,2023-08-22,8,Inverno,2,0,0,0,0,0,0,1,1,0,0,0,0
351,Aluno 351,20,Feminino,Anual,2023-06-20,6,Cartão,0,,,,6,0,0,0,0,0,0,1,1,1,1,1,1
352,Aluno 352,22,Feminino,Mensal,2023-06-12,6,Cartão,0,,,,6,0,0,0,0,0,0,1,1,1,1,1,1
353,Aluno 353,36,Masculino,Trimestral,2023-06-15,6,Cartão,1,2023-10-31,10,Primavera,4,0,0,0,0,0,0,1,1,1,1,0,0
354,Aluno 354,54,Feminino,Trimestral,2023-06-13,6,Dinheiro,0,,,,6,0,0,0,0,0,0,1,1,1,1,1,1
355,Aluno 355,21,Feminino,Trimestral,2023-06-15,6,Pix,1,2023-08-30,8,Inverno,2,0,0,0,0,0,0,1,1,0,0,0,0
356,Aluno 356,20,Masculino,Trimestral,2023-07-24,7,Dinheiro,1,2023-12-10,12,Verão,5,0,0,0,0,0,0,0,1,1,1,1,1
357,Aluno 357,40,Feminino,Mensal,2023-07-08,7,Cartão,0,,,,5,0,0,0,0,0,0,0,1,1,1,1,1
358,Aluno 358,55,Feminino,Anual,2023-07-04,7,Cartão,1,2023-11-17,11,Primavera,4,0,0,0,0,0,0,0,1,1,1,1,0
359,Aluno 359,32,Feminino,Trimestral,2023-07-26,7,Dinheiro,0,,,,5,0,0,0,0,0,0,0,1,1,1,1,1
360,Aluno 360,26,Masculino,Trimestral,2023-07-03,7,Pix,0,,,,5,0,0,0,0,0,0,0,1,1,1,1,1
361,Aluno 361,52,Feminino,Trimestral,2023-07-18,7,Dinheiro,1,2023-12-17,12,Verão,5,0,0,0,0,0,0,0,1,1,1,1,1
362,Aluno 362,26,Masculino,Anual,2023-07-12,7,Cartão,0,,,,5,0,0,0,0,0,0,0,1,1,1,1,1
363,Aluno 363,43,Masculino,Trimestral,2023-07-15,7,Pix,1,2023-08-19,8,Inverno,1,0,0,0,0,0,0,0,1,0,0,0,0
364,Aluno 364,60,Masculino,Mensal,2023-07-01,7,Pix,0,,,,5,0,0,0,0,0,0,1,1,1,1,1,1
365,Aluno 365,58,Masculino,Mensal,2023-07-17,7,Cartão,1,2023-12-13,12,Verão,5,0,0,0,0,0,0,0,1,1,1,1,1
366,Aluno 366,44,Masculino,Trimestral,2023-07-09,7,Cartão,1,2023-08-17,8,Inverno,1,0,0,0,0,0,0,0,1,0,0,0,0
367,Aluno 367,44,Masculino,Anual,2023-07-28,7,Pix,1,2023-10-30,10,Primavera,3,0,0,0,0,0,0,0,1,1,1,0,0
368,Aluno 368,27,Masculino,Trimestral,2023-07-16,7,Pix,0,,,,5,0,0,0,0,0,0,0,1,1,1,1,1
369,Aluno 369,51,Masculino,Mensal,2023-07-15,7,Dinheiro,0,,,,5,0,0,0,0,0,0,0,1,1,1,1,1
370,Aluno 370,19,Feminino,Trimestral,2023-07-01,7,Dinheiro,0,,,,5,0,0,0,0,0,0,1,1,1,1,1,1
371,Aluno 371,23,Feminino,Trimestral,2023-08-08,8,Pix,0,,,,4,0,0,0,0,0,0,0,0,1,1,1,1
372,Aluno 372,25,Masculino,Trimestral,2023-08-25,8,Dinheiro,0,,,,4,0,0,0,0,0,0,0,0,1,1,1,1
373,Aluno 373,19,Masculino,Anual,2023-08-01,8,Dinheiro,0,,,,4,0,0,0,0,0,0,0,1,1,1,1,1
374,Aluno 374,57,Masculino,Mensal,2023-08-23,8,Dinheiro,0,,,,4,0,0,0,0,0,0,0,0,1,1,1,1
375,Aluno 375,28,Feminino,Mensal,2023-08-12,8,Pix,1,2023-09-01,9,Primavera,1,0,0,0,0,0,0,0,0,1,0,0,0
376,Aluno 376,36,Masculino,Mensal,2023-08-26,8,Pix,0,,,,4,0,0,0,0,0,0,0,0,1,1,1,1
377,Aluno 377,44,Feminino,Trimestral,2023-08-09,8,Pix,0,,,,4,0,0,0,0,0,0,0,0,1,1,1,1
378,Aluno 378,54,Masculino,Anual,2023-08-18,8,Dinheiro,1,2023-12-22,12,Verão,4,0,0,0,0,0,0,0,0,1,1,1,1
379,Aluno 379,36,Feminino,Trimestral,2023-08-26,8,Dinheiro,0,,,,4,0,0,0,0,0,0,0,0,1,1,1,1
380,Aluno 380,53,Feminino,Trimestral,2023-08-12,8,Pix,0,,,,4,0,0,0,0,0,0,0,0,1,1,1,1
381,Aluno 381,21,Feminino,Trimestral,2023-08-04,8,Pix,0,,,,4,0,0,0,0,0,0,0,0,1,1,1,1
382,Aluno 382,58,Masculino,Mensal,2023-08-21,8,Cartão,1,2023-10-28,10,Primavera,2,0,0,0,0,0,0,0,0,1,1,0,0
383,Aluno 383,58,Feminino,Trimestral,2023-08-08,8,Dinheiro,0,,,,4,0,0,0,0,0,0,0,0,1,1,1,1
384,Aluno 384,18,Feminino,Anual,2023-08-02,8,Pix,0,,,,4,0,0,0,0,0,0,0,0,1,1,1,1
385,Aluno 385,22,Masculino,Mensal,2023-08-10,8,Cartão,0,,,,4,0,0,0,0,0,0,0,0,1,1,1,1
386,Aluno 386,39,Feminino,Anual,2023-09-13,9,Pix,1,2023-12-18,12,Verão,3,0,0,0,0,0,0,0,0,0,1,1,1
387,Aluno 387,35,Masculino,Mensal,2023-09-22,9,Dinheiro,1,2023-10-20,10,Primavera,1,0,0,0,0,0,0,0,0,0,1,0,0
388,Aluno 388,55,Feminino,Trimestral,2023-09-03,9,Pix,0,,,,3,0,0,0,0,0,0,0,0,0,1,1,1
389,Aluno 389,51,Masculino,Mensal,2023-09-25,9,Pix,0,,,,3,0,0,0,0,0,0,0,0,0,1,1,1
390,Aluno 390,37,Feminino,Mensal,2023-09-22,9,Cartão,0,,,,3,0,0,0,0,0,0,0,0,0,1,1,1
391,Aluno 391,56,Masculino,Anual,2023-09-27,9,Pix,1,2023-11-12,11,Primavera,2,0,0,0,0,0,0,0,0,0,1,1,0
392,Aluno 392,47,Feminino,Trimestral,2023-09-23,9,Cartão,0,,,,3,0,0,0,0,0,0,0,0,0,1,1,1
393,Aluno 393,27,Feminino,Mensal,2023-09-01,9,Pix,0,,,,3,0,0,0,0,0,0,0,0,1,1,1,1
394,Aluno 394,47,Feminino,Mensal,2023-09-22,9,Dinheiro,1,2023-10-07,10,Primavera,1,0,0,0,0,0,0,0,0,0,1,0,0
395,Aluno 395,34,Feminino,Anual,2023-09-12,9,Cartão,1,2023-09-26,9,Primavera,0,0,0,0,0,0,0,0,0,0,0,0,0
396,Aluno 396,58,Masculino,Anual,2023-09-13,9,Pix,0,,,,3,0,0,0,0,0,0,0,0,0,1,1,1
397,Aluno 397,44,Feminino,Trimestral,2023-09-12,9,Pix,1,2023-09-16,9,Primavera,0,0,0,0,0,0,0,0,0,0,0,0,0
398,Aluno 398,48,Masculino,Trimestral,2023-09-21,9,Pix,0,,,,3,0,0,0,0,0,0,0,0,0,1,1,1
399,Aluno 399,47,Feminino,Anual,2023-09-08,9,Cartão,0,,,,3,0,0,0,0,0,0,0,0,0,1,1,1
400,Aluno 400,37,Masculino,Anual,2023-09-21,9,Dinheiro,1,2023-10-20,10,Primavera,1,0,0,0,0,0,0,0,0,0,1,0,0
401,Aluno 401,26,Masculino,Mensal,2023-09-24,9,Cartão,0,,,,3,0,0,0,0,0,0,0,0,0,1,1,1
402,Aluno 402,46,Masculino,Anual,2023-09-13,9,Dinheiro,1,2023-09-19,9,Primavera,0,0,0,0,0,0,0,0,0,0,0,0,0
403,Aluno 403,20,Masculino,Anual,2023-09-13,9,Pix,1,2023-11-26,11,Primavera,2,0,0,0,0,0,0,0,0,0,1,1,0
404,Aluno 404,27,Masculino,Trimestral,2023-09-08,9,Dinheiro,0,,,,3,0,0,0,0,0,0,0,0,0,1,1,1
405,Aluno 405,46,Masculino,Trimestral,2023-09-28,9,Pix,0,,,,3,0,0,0,0,0,0,0,0,0,1,1,1
406,Aluno 406,46,Masculino,Mensal,2023-10-16,10,Pix,0,,,,2,0,0,0,0,0,0,0,0,0,0,1,1
407,Aluno 407,55,Masculino,Mensal,2023-10-27,10,Cartão,0,,,,2,0,0,0,0,0,0,0,0,0,0,1,1
408,Aluno 408,43,Feminino,Trimestral,2023-10-22,10,Pix,0,,,,2,0,0,0,0,0,0,0,0,0,0,1,1
409,Aluno 409,19,Feminino,Trimestral,2023-10-11,10,Dinheiro,0,,,,2,0,0,0,0,0,0,0,0,0,0,1,1
410,Aluno 410,27,Feminino,Mensal,2023-10-05,10,Pix,1,2023-10-11,10,Primavera,0,0,0,0,0,0,0,0,0,0,0,0,0
411,Aluno 411,52,Feminino,Mensal,2023-10-06,10,Pix,0,,,,2,0,0,0,0,0,0,0,0,0,0,1,1
412,Aluno 412,27,Feminino,Anual,2023-10-06,10,Cartão,1,2023-12-13,12,Verão,2,0,0,0,0,0,0,0,0,0,0,1,1
413,Aluno 413,54,Feminino,Trimestral,2023-10-20,10,Dinheiro,1,2023-11-08,11,Primavera,1,0,0,0,0,0,0,0,0,0,0,1,0
414,Aluno 414,29,Feminino,Anual,2023-10-08,10,Cartão,0,,,,2,0,0,0,0,0,0,0,0,0,0,1,1
415,Aluno 415,53,Masculino,Anual,2023-10-01,10,Dinheiro,1,2023-10-31,10,Primavera,0,0,0,0,0,0,0,0,0,0,1,0,0
416,Aluno 416,34,Masculino,Mensal,2023-10-17,10,Pix,0,,,,2,0,0,0,0,0,0,0,0,0,0,1,1
417,Aluno 417,53,Feminino,Trimestral,2023-10-04,10,Cartão,0,,,,2,0,0,0,0,0,0,0,0,0,0,1,1
418,Aluno 418,27,Feminino,Anual,2023-10-04,10,Cartão,1,2023-10-28,10,Primavera,0,0,0,0,0,0,0,0,0,0,0,0,0
419,Aluno 419,60,Masculino,Trimestral,2023-10-16,10,Dinheiro,0,,,,2,0,0,0,0,0,0,0,0,0,0,1,1
420,Aluno 420,50,Feminino,Trimestral,2023-10-13,10,Cartão,0,,,,2,0,0,0,0,0,0,0,0,0,0,1,1
421,Aluno 421,45,Feminino,Anual,2023-10-23,10,Dinheiro,0,,,,2,0,0,0,0,0,0,0,0,0,0,1,1
422,Aluno 422,33,Feminino,Trimestral,2023-10-02,10,Dinheiro,0,,,,2,0,0,0,0,0,0,0,0,0,0,1,1
423,Aluno 423,54,Feminino,Mensal,2023-10-28,10,Pix,1,2023-12-28,12,Verão,2,0,0,0,0,0,0,0,0,0,0,1,1
424,Aluno 424,48,Masculino,Trimestral,2023-10-23,10,Dinheiro,0,,,,2,0,0,0,0,0,0,0,0,0,0,1,1
425,Aluno 425,40,Masculino,Anual,2023-10-14,10,Cartão,1,2023-11-12,11,Primavera,1,0,0,0,0,0,0,0,0,0,0,1,0
426,Aluno 426,34,Masculino,Anual,2023-10-11,10,Dinheiro,1,2023-11-12,11,Primavera,1,0,0,0,0,0,0,0,0,0,0,1,0
427,Aluno 427,28,Masculino,Trimestral,2023-10-23,10,Cartão,0,,,,2,0,0,0,0,0,0,0,0,0,0,1,1
428,Aluno 428,48,Feminino,Trimestral,2023-10-06,10,Cartão,1,2023-10-17,10,Primavera,0,0,0,0,0,0,0,0,0,0,0,0,0
429,Aluno 429,37,Masculino,Mensal,2023-10-11,10,Dinheiro,0,,,,2,0,0,0,0,0,0,0,0,0,0,1,1
430,Aluno 430,32,Masculino,Trimestral,2023-10-04,10,Cartão,0,,,,2,0,0,0,0,0,0,0,0,0,0,1,1
431,Aluno 431,39,Masculino,Anual,2023-11-08,11,Pix,0,,,,1,0,0,0,0,0,0,0,0,0,0,0,1
432,Aluno 432,35,Masculino,Anual,2023-11-26,11,Dinheiro,0,,,,1,0,0,0,0,0,0,0,0,0,0,0,1
433,Aluno 433,19,Feminino,Trimestral,2023-11-16,11,Pix,0,,,,1,0,0,0,0,0,0,0,0,0,0,0,1
434,Aluno 434,35,Masculino,Anual,2023-11-28,11,Dinheiro,0,,,,1,0,0,0,0,0,0,0,0,0,0,0,1
435,Aluno 435,22,Masculino,Anual,2023-11-27,11,Pix,0,,,,1,0,0,0,0,0,0,0,0,0,0,0,1
436,Aluno 436,27,Feminino,Mensal,2023-11-14,11,Dinheiro,0,,,,1,0,0,0,0,0,0,0,0,0,0,0,1
437,Aluno 437,38,Masculino,Anual,2023-11-21,11,Dinheiro,1,2023-12-02,12,Verão,1,0,0,0,0,0,0,0,0,0,0,0,1
438,Aluno 438,44,Masculino,Mensal,2023-11-18,11,Cartão,0,,,,1,0,0,0,0,0,0,0,0,0,0,0,1
439,Aluno 439,49,Masculino,Trimestral,2023-11-19,11,Dinheiro,0,,,,1,0,0,0,0,0,0,0,0,0,0,0,1
440,Aluno 440,31,Feminino,Mensal,2023-11-28,11,Cartão,0,,,,1,0,0,0,0,0,0,0,0,0,0,0,1
441,Aluno 441,59,Feminino,Trimestral,2023-11-08,11,Pix,1,2023-11-08,11,Primavera,0,0,0,0,0,0,0,0,0,0,0,0,0
442,Aluno 442,21,Masculino,Anual,2023-11-28,11,Pix,1,2023-11-30,11,Primavera,0,0,0,0,0,0,0,0,0,0,0,0,0
443,Aluno 443,47,Masculino,Mensal,2023-11-15,11,Cartão,0,,,,1,0,0,0,0,0,0,0,0,0,0,0,1
444,Aluno 444,35,Feminino,Anual,2023-11-11,11,Dinheiro,1,2023-12-18,12,Verão,1,0,0,0,0,0,0,0,0,0,0,0,1
445,Aluno 445,31,Feminino,Trimestral,2023-11-23,11,Pix,0,,,,1,0,0,0,0,0,0,0,0,0,0,0,1
446,Aluno 446,25,Feminino,Mensal,2023-11-11,11,Pix,0,,,,1,0,0,0,0,0,0,0,0,0,0,0,1
447,Aluno 447,44,Masculino,Trimestral,2023-11-10,11,Dinheiro,0,,,,1,0,0,0,0,0,0,0,0,0,0,0,1
448,Aluno 448,45,Feminino,Mensal,2023-11-15,11,Cartão,0,,,,1,0,0,0,0,0,0,0,0,0,0,0,1
449,Aluno 449,44,Feminino,Anual,2023-11-02,11,Pix,0,,,,1,0,0,0,0,0,0,0,0,0,0,0,1
450,Aluno 450,45,Masculino,Anual,2023-11-02,11,Dinheiro,0,,,,1,0,0,0,0,0,0,0,0,0,0,0,1
451,Aluno 451,48,Masculino,Trimestral,2023-12-21,12,Dinheiro,0,,,,0,0,0,0,0,0,0,0,0,0,0,0,0
452,Aluno 452,39,Masculino,Mensal,2023-12-19,12,Pix,0,,,,0,0,0,0,0,0,0,0,0,0,0,0,0
453,Aluno 453,39,Masculino,Trimestral,2023-12-16,12,Cartão,0,,,,0,0,0,0,0,0,0,0,0,0,0,0,0
454,Aluno 454,56,Masculino,Anual,2023-12-09,12,Cartão,0,,,,0,0,0,0,0,0,0,0,0,0,0,0,0
455,Aluno 455,33,Masculino,Anual,2023-12-12,12,Cartão,0,,,,0,0,0,0,0,0,0,0,0,0,0,0,0
456,Aluno 456,46,Masculino,Trimestral,2023-12-20,12,Dinheiro,0,,,,0,0,0,0,0,0,0,0,0,0,0,0,0
457,Aluno 457,33,Feminino,Anual,2023-12-12,12,Dinheiro,1,2023-12-15,12,Verão,0,0,0,0,0,0,0,0,0,0,0,0,0
458,Aluno 458,40,Masculino,Mensal,2023-12-01,12,Pix,0,,,,0,0,0,0,0,0,0,0,0,0,0,0,1
459,Aluno 459,20,Masculino,Anual,2023-12-02,12,Cartão,1,2023-12-30,12,Verão,0,0,0,0,0,0,0,0,0,0,0,0,0
460,Aluno 460,53,Feminino,Anual,2023-12-14,12,Pix,0,,,,0,0,0,0,0,0,0,0,0,0,0,0,0
461,Aluno 461,34,Masculino,Mensal,2023-12-06,12,Pix,0,,,,0,0,0,0,0,0,0,0,0,0,0,0,0
462,Aluno 462,57,Masculino,Trimestral,2023-12-13,12,Cartão,1,2023-12-15,12,Verão,0,0,0,0,0,0,0,0,0,0,0,0,0
463,Aluno 463,37,Feminino,Mensal,2023-12-23,12,Pix,0,,,,0,0,0,0,0,0,0,0,0,0,0,0,0
464,Aluno 464,60,Masculino,Trimestral,2023-12-08,12,Pix,1,2023-12-08,12,Verão,0,0,0,0,0,0,0,0,0,0,0,0,0
465,Aluno 465,38,Feminino,Mensal,2023-12-14,12,Cartão,0,,,,0,0,0,0,0,0,0,0,0,0,0,0,0
466,Aluno 466,53,Masculino,Mensal,2023-12-16,12,Dinheiro,0,,,,0,0,0,0,0,0,0,0,0,0,0,0,0
467,Aluno 467,48,Feminino,Mensal,2023-12-09,12,Cartão,0,,,,0,0,0,0,0,0,0,0,0,0,0,0,0
468,Aluno 468,41,Feminino,Anual,2023-12-09,12,Cartão,0,,,,0,0,0,0,0,0,0,0,0,0,0,0,0
469,Aluno 469,38,Masculino,Mensal,2023-12-21,12,Pix,0,,,,0,0,0,0,0,0,0,0,0,0,0,0,0
470,Aluno 470,59,Feminino,Trimestral,2023-12-18,12,Cartão,0,,,,0,0,0,0,0,0,0,0,0,0,0,0,0
471,Aluno 471,26,Masculino,Mensal,2023-12-18,12,Pix,0,,,,0,0,0,0,0,0,0,0,0,0,0,0,0
472,Aluno 472,39,Masculino,Mensal,2023-12-14,12,Dinheiro,1,2023-12-26,12,Verão,0,0,0,0,0,0,0,0,0,0,0,0,0
473,Aluno 473,58,Feminino,Mensal,2023-12-24,12,Cartão,0,,,,0,0,0,0,0,0,0,0,0,0,0,0,0
474,Aluno 474,37,Feminino,Mensal,2023-12-10,12,Pix,1,2023-12-20,12,Verão,0,0,0,0,0,0,0,0,0,0,0,0,0
475,Aluno 475,27,Feminino,Trimestral,2023-12-02,12,Pix,1,2023-12-02,12,Verão,0,0,0,0,0,0,0,0,0,0,0,0,0
476,Aluno 476,21,Masculino,Anual,2023-12-25,12,Pix,0,,,,0,0,0,0,0,0,0,0,0,0,0,0,0
477,Aluno 477,57,Masculino,Anual,2023-12-10,12,Dinheiro,1,2023-12-28,12,Verão,0,0,0,0,0,0,0,0,0,0,0,0,0
478,Aluno 478,25,Masculino,Trimestral,2023-12-03,12,Dinheiro,1,2023-12-04,12,Verão,0,0,0,0,0,0,0,0,0,0,0,0,0
479,Aluno 479,28,Feminino,Trimestral,2023-12-17,12,Cartão,0,,,,0,0,0,0,0,0,0,0,0,0,0,0,0
480,Aluno 480,31,Feminino,Anual,2023-12-18,12,Cartão,1,2023-12-31,12,Verão,0,0,0,0,0,0,0,0,0,0,0,0,0
481,Aluno 481,22,Masculino,Mensal,2023-12-15,12,Dinheiro,0,,,,0,0,0,0,0,0,0,0,0,0,0,0,0
482,Aluno 482,56,Feminino,Trimestral,2023-12-26,12,Cartão,0,,,,0,0,0,0,0,0,0,0,0,0,0,0,0
483,Aluno 483,40,Masculino,Mensal,2023-12-04,12,Dinheiro,1,2023-12-05,12,Verão,0,0,0,0,0,0,0,0,0,0,0,0,0
484,Aluno 484,39,Feminino,Trimestral,2023-12-01,12,Dinheiro,1,2023-12-08,12,Verão,0,0,0,0,0,0,0,0,0,0,0,0,1
485,Aluno 485,45,Masculino,Anual,2023-12-20,12,Pix,0,,,,0,0,0,0,0,0,0,0,0,0,0,0,0
486,Aluno 486,57,Feminino,Mensal,2023-12-07,12,Cartão,0,,,,0,0,0,0,0,0,0,0,0,0,0,0,0
487,Aluno 487,37,Masculino,Mensal,2023-12-06,12,Pix,0,,,,0,0,0,0,0,0,0,0,0,0,0,0,0
488,Aluno 488,28,Feminino,Anual,2023-12-25,12,Pix,0,,,,0,0,0,0,0,0,0,0,0,0,0,0,0
489,Aluno 489,40,Feminino,Anual,2023-12-15,12,Cartão,0,,,,0,0,0,0,0,0,0,0,0,0,0,0,0
490,Aluno 490,30,Feminino,Anual,2023-12-18,12,Cartão,0,,,,0,0,0,0,0,0,0,0,0,0,0,0,0
491,Aluno 491,41,Masculino,Anual,2023-12-26,12,Cartão,0,,,,0,0,0,0,0,0,0,0,0,0,0,0,0
492,Aluno 492,22,Feminino,Mensal,2023-12-14,12,Dinheiro,0,,,,0,0,0,0,0,0,0,0,0,0,0,0,0
493,Aluno 493,22,Masculino,Mensal,2023-12-09,12,Cartão,0,,,,0,0,0,0,0,0,0,0,0,0,0,0,0
494,Aluno 494,58,Masculino,Mensal,2023-12-21,12,Cartão,0,,,,0,0,0,0,0,0,0,0,0,0,0,0,0
495,Aluno 495,26,Feminino,Trimestral,2023-12-03,12,Cartão,0,,,,0,0,0,0,0,0,0,0,0,0,0,0,0
496,Aluno 496,31,Masculino,Anual,2023-12-17,12,Cartão,0,,,,0,0,0,0,0,0,0,0,0,0,0,0,0
497,Aluno 497,21,Feminino,Trimestral,2023-12-13,12,Pix,0,,,,0,0,0,0,0,0,0,0,0,0,0,0,0
498,Aluno 498,30,Masculino,Trimestral,2023-12-04,12,Pix,0,,,,0,0,0,0,0,0,0,0,0,0,0,0,0
499,Aluno 499,19,Masculino,Trimestral,2023-12-22,12,Pix,0,,,,0,0,0,0,0,0,0,0,0,0,0,0,0
500,Aluno 500,42,Masculino,Trimestral,2023-12-12,12,Pix,0,,,,0,0,0,0,0,0,0,0,0,0,0,0,0
